restaurant_id,avg_delivery_time_minutes
R1,64.1
R10,56.5
R2,77.8
R3,92.33333333333333
R4,66
R5,75.25
R6,69
R7,46.2
R8,67.75
R9,74.16666666666667
