customer_id,total_order_value
C1,123.12
C10,77.32
C11,191.07
C12,281.06
C13,216.75
C14,283.01
C15,402.93999999999994
C2,239.45999999999998
C3,44.63
C4,426.96000000000004
C5,383.55000000000007
C6,24.54
C7,225.94
C8,195.55
C9,138.29
